query_type,bm25_only,dense_only,hybrid_weighted_sum,hybrid_rrf
factual,0.689948507410288,0.7944526367638699,0.7694067994672208,0.743138784265595
conceptual,0.6679119530294708,0.7370501534061404,0.7724733887369267,0.7605057319669276
ambiguous,0.6285039003062067,0.6694960980748647,0.7422449423259758,0.785114178302153
technical,0.7679041110119924,0.6218593815315587,0.7575299338426802,0.7655867931808973
